"Language","original","german","english","czech","russian","ukrainian","polish","hungarian","italian","spanish","french","chinese","japanese","portuguese","chinesesimp"
"bxd_create_group","Створити групу","Створити групу","Створити групу","Створити групу","Створити групу","Створити групу","Створити групу","Створити групу","Створити групу","Створити групу","Створити групу","Створити групу","Створити групу","Створити групу","Створити групу"
"bxd_create","Створити","Створити","Створити","Створити","Створити","Створити","Створити","Створити","Створити","Створити","Створити","Створити","Створити","Створити","Створити"
"bxd_groupname","Назва групи","Назва групи","Назва групи","Назва групи","Назва групи","Назва групи","Назва групи","Назва групи","Назва групи","Назва групи","Назва групи","Назва групи","Назва групи","Назва групи","Назва групи"
"bxd_groupname_short","Короткий тег групи","Короткий тег групи","Короткий тег групи","Короткий тег групи","Короткий тег групи","Короткий тег групи","Короткий тег групи","Короткий тег групи","Короткий тег групи","Короткий тег групи","Короткий тег групи","Короткий тег групи","Короткий тег групи","Короткий тег групи","Короткий тег групи"
"bxd_group","Група","Група","Група","Група","Група","Група","Група","Група","Група","Група","Група","Група","Група","Група","Група"
"bxd_playerlist","Гравці онлайн:","Гравці онлайн:","Гравці онлайн:","Гравці онлайн:","Гравці онлайн:","Гравці онлайн:","Гравці онлайн:","Гравці онлайн:","Гравці онлайн:","Гравці онлайн:","Гравці онлайн:","Гравці онлайн:","Гравці онлайн:","Гравці онлайн:","Гравці онлайн:"
"bxd_search","Пошук/код: ","Пошук/код: ","Пошук/код: ","Пошук/код: ","Пошук/код: ","Пошук/код: ","Пошук/код: ","Пошук/код: ","Пошук/код: ","Пошук/код: ","Пошук/код: ","Пошук/код: ","Пошук/код: ","Пошук/код: ","Пошук/код: "
"bxd_info","інфо","інфо","інфо","інфо","інфо","інфо","інфо","інфо","інфо","інфо","інфо","інфо","інфо","інфо","інфо"
"bxd_markers","Маркери","Маркери","Маркери","Маркери","Маркери","Маркери","Маркери","Маркери","Маркери","Маркери","Маркери","Маркери","Маркери","Маркери","Маркери"
"bxd_group_create_info","Введіть унікальну назву групи та короткий тег.","Введіть унікальну назву групи та короткий тег.","Введіть унікальну назву групи та короткий тег.","Введіть унікальну назву групи та короткий тег.","Введіть унікальну назву групи та короткий тег.","Введіть унікальну назву групи та короткий тег.","Введіть унікальну назву групи та короткий тег.","Введіть унікальну назву групи та короткий тег.","Введіть унікальну назву групи та короткий тег.","Введіть унікальну назву групи та короткий тег.","Введіть унікальну назву групи та короткий тег.","Введіть унікальну назву групи та короткий тег.","Введіть унікальну назву групи та короткий тег.","Введіть унікальну назву групи та короткий тег.","Введіть унікальну назву групи та короткий тег."
"bxd_kick","Вигнати","Вигнати","Вигнати","Вигнати","Вигнати","Вигнати","Вигнати","Вигнати","Вигнати","Вигнати","Вигнати","Вигнати","Вигнати","Вигнати","Вигнати"
"bxd_leave","Покинути","Покинути","Покинути","Покинути","Покинути","Покинути","Покинути","Покинути","Покинути","Покинути","Покинути","Покинути","Покинути","Покинути","Покинути"
"bxd_promote","Підвищити","Підвищити","Підвищити","Підвищити","Підвищити","Підвищити","Підвищити","Підвищити","Підвищити","Підвищити","Підвищити","Підвищити","Підвищити","Підвищити","Підвищити"
"bxd_demote","Понизити","Понизити","Понизити","Понизити","Понизити","Понизити","Понизити","Понизити","Понизити","Понизити","Понизити","Понизити","Понизити","Понизити","Понизити"
"bxd_upgrade","Покращити","Покращити","Покращити","Покращити","Покращити","Покращити","Покращити","Покращити","Покращити","Покращити","Покращити","Покращити","Покращити","Покращити","Покращити"
"bxd_join_subgroup","Приєднатися","Приєднатися","Приєднатися","Приєднатися","Приєднатися","Приєднатися","Приєднатися","Приєднатися","Приєднатися","Приєднатися","Приєднатися","Приєднатися","Приєднатися","Приєднатися","Приєднатися"
"bxd_invite","Запросити","Запросити","Запросити","Запросити","Запросити","Запросити","Запросити","Запросити","Запросити","Запросити","Запросити","Запросити","Запросити","Запросити","Запросити"
"bxd_marker_icon","іконка: ","іконка: ","іконка: ","іконка: ","іконка: ","іконка: ","іконка: ","іконка: ","іконка: ","іконка: ","іконка: ","іконка: ","іконка: ","іконка: ","іконка: "
"bxd_marker_name","Назва: ","Назва: ","Назва: ","Назва: ","Назва: ","Назва: ","Назва: ","Назва: ","Назва: ","Назва: ","Назва: ","Назва: ","Назва: ","Назва: ","Назва: "
"bxd_marker_private","Приватний","Приватний","Приватний","Приватний","Приватний","Приватний","Приватний","Приватний","Приватний","Приватний","Приватний","Приватний","Приватний","Приватний","Приватний"
"bxd_marker_global_temp","Глобальний (тимчасовий)","Глобальний (тимчасовий)","Глобальний (тимчасовий)","Глобальний (тимчасовий)","Глобальний (тимчасовий)","Глобальний (тимчасовий)","Глобальний (тимчасовий)","Глобальний (тимчасовий)","Глобальний (тимчасовий)","Глобальний (тимчасовий)","Глобальний (тимчасовий)","Глобальний (тимчасовий)","Глобальний (тимчасовий)","Глобальний (тимчасовий)","Глобальний (тимчасовий)"
"bxd_marker_global_perm","Глобальний (постійний)","Глобальний (постійний)","Глобальний (постійний)","Глобальний (постійний)","Глобальний (постійний)","Глобальний (постійний)","Глобальний (постійний)","Глобальний (постійний)","Глобальний (постійний)","Глобальний (постійний)","Глобальний (постійний)","Глобальний (постійний)","Глобальний (постійний)","Глобальний (постійний)","Глобальний (постійний)"
"bxd_visibility","Видимість: ","Видимість: ","Видимість: ","Видимість: ","Видимість: ","Видимість: ","Видимість: ","Видимість: ","Видимість: ","Видимість: ","Видимість: ","Видимість: ","Видимість: ","Видимість: ","Видимість: "
"bxd_marker_add_notice_1","Двічі клацніть, щоб додати маркер","Двічі клацніть, щоб додати маркер","Двічі клацніть, щоб додати маркер","Двічі клацніть, щоб додати маркер","Двічі клацніть, щоб додати маркер","Двічі клацніть, щоб додати маркер","Двічі клацніть, щоб додати маркер","Двічі клацніть, щоб додати маркер","Двічі клацніть, щоб додати маркер","Двічі клацніть, щоб додати маркер","Двічі клацніть, щоб додати маркер","Двічі клацніть, щоб додати маркер","Двічі клацніть, щоб додати маркер","Двічі клацніть, щоб додати маркер","Двічі клацніть, щоб додати маркер"
"bxd_marker_add_notice_2","DEL, щоб видалити маркер","DEL, щоб видалити маркер","DEL, щоб видалити маркер","DEL, щоб видалити маркер","DEL, щоб видалити маркер","DEL, щоб видалити маркер","DEL, щоб видалити маркер","DEL, щоб видалити маркер","DEL, щоб видалити маркер","DEL, щоб видалити маркер","DEL, щоб видалити маркер","DEL, щоб видалити маркер","DEL, щоб видалити маркер","DEL, щоб видалити маркер","DEL, щоб видалити маркер"
"bxd_color","Колір:","Колір:","Колір:","Колір:","Колір:","Колір:","Колір:","Колір:","Колір:","Колір:","Колір:","Колір:","Колір:","Колір:","Колір:"
"bxd_addmarker","Додати маркер","Додати маркер","Додати маркер","Додати маркер","Додати маркер","Додати маркер","Додати маркер","Додати маркер","Додати маркер","Додати маркер","Додати маркер","Додати маркер","Додати маркер","Додати маркер","Додати маркер"
"bxd_Survivors","Гравці:","Гравці:","Гравці:","Гравці:","Гравці:","Гравці:","Гравці:","Гравці:","Гравці:","Гравці:","Гравці:","Гравці:","Гравці:","Гравці:","Гравці:"
"bxd_Survivor","Вижилий:","Вижилий:","Вижилий:","Вижилий:","Вижилий:","Вижилий:","Вижилий:","Вижилий:","Вижилий:","Вижилий:","Вижилий:","Вижилий:","Вижилий:","Вижилий:","Вижилий:"
"bxd_coordinates","Координати:","Координати:","Координати:","Координати:","Координати:","Координати:","Координати:","Координати:","Координати:","Координати:","Координати:","Координати:","Координати:","Координати:","Координати:"
"bxd_invite_code","Код:","Код:","Код:","Код:","Код:","Код:","Код:","Код:","Код:","Код:","Код:","Код:","Код:","Код:","Код:"
"bxd_gametime","ігровий час:","ігровий час:","ігровий час:","ігровий час:","ігровий час:","ігровий час:","ігровий час:","ігровий час:","ігровий час:","ігровий час:","ігровий час:","ігровий час:","ігровий час:","ігровий час:","ігровий час:"
"bxd_servertime","Час сервера:","Час сервера:","Час сервера:","Час сервера:","Час сервера:","Час сервера:","Час сервера:","Час сервера:","Час сервера:","Час сервера:","Час сервера:","Час сервера:","Час сервера:","Час сервера:","Час сервера:"
"bxd_marker_list","Список маркерів:","Список маркерів:","Список маркерів:","Список маркерів:","Список маркерів:","Список маркерів:","Список маркерів:","Список маркерів:","Список маркерів:","Список маркерів:","Список маркерів:","Список маркерів:","Список маркерів:","Список маркерів:","Список маркерів:"
"bxd_layout_styles","Стилі інтерфейсу","Стилі інтерфейсу","Стилі інтерфейсу","Стилі інтерфейсу","Стилі інтерфейсу","Стилі інтерфейсу","Стилі інтерфейсу","Стилі інтерфейсу","Стилі інтерфейсу","Стилі інтерфейсу","Стилі інтерфейсу","Стилі інтерфейсу","Стилі інтерфейсу","Стилі інтерфейсу","Стилі інтерфейсу"
"bxd_layout_positions","Позиції інтерфейсу","Позиції інтерфейсу","Позиції інтерфейсу","Позиції інтерфейсу","Позиції інтерфейсу","Позиції інтерфейсу","Позиції інтерфейсу","Позиції інтерфейсу","Позиції інтерфейсу","Позиції інтерфейсу","Позиції інтерфейсу","Позиції інтерфейсу","Позиції інтерфейсу","Позиції інтерфейсу","Позиції інтерфейсу"
"bxd_color_settings","Налаштування кольору","Налаштування кольору","Налаштування кольору","Налаштування кольору","Налаштування кольору","Налаштування кольору","Налаштування кольору","Налаштування кольору","Налаштування кольору","Налаштування кольору","Налаштування кольору","Налаштування кольору","Налаштування кольору","Налаштування кольору","Налаштування кольору"
"bxd_misc","Різне","Різне","Різне","Різне","Різне","Різне","Різне","Різне","Різне","Різне","Різне","Різне","Різне","Різне","Різне"
"bxd_available","Доступно:","Доступно:","Доступно:","Доступно:","Доступно:","Доступно:","Доступно:","Доступно:","Доступно:","Доступно:","Доступно:","Доступно:","Доступно:","Доступно:","Доступно:"
"bxd_pick_style","Вибрати стиль:","Вибрати стиль:","Вибрати стиль:","Вибрати стиль:","Вибрати стиль:","Вибрати стиль:","Вибрати стиль:","Вибрати стиль:","Вибрати стиль:","Вибрати стиль:","Вибрати стиль:","Вибрати стиль:","Вибрати стиль:","Вибрати стиль:","Вибрати стиль:"
"bxd_default","Типово","Типово","Типово","Типово","Типово","Типово","Типово","Типово","Типово","Типово","Типово","Типово","Типово","Типово","Типово"
"bxd_preview","Попередній перегляд:","Попередній перегляд:","Попередній перегляд:","Попередній перегляд:","Попередній перегляд:","Попередній перегляд:","Попередній перегляд:","Попередній перегляд:","Попередній перегляд:","Попередній перегляд:","Попередній перегляд:","Попередній перегляд:","Попередній перегляд:","Попередній перегляд:","Попередній перегляд:"
"bxd_positionX","Позиція X: ","Позиція X: ","Позиція X: ","Позиція X: ","Позиція X: ","Позиція X: ","Позиція X: ","Позиція X: ","Позиція X: ","Позиція X: ","Позиція X: ","Позиція X: ","Позиція X: ","Позиція X: ","Позиція X: "
"bxd_positionY","Позиція Y: ","Позиція Y: ","Позиція Y: ","Позиція Y: ","Позиція Y: ","Позиція Y: ","Позиція Y: ","Позиція Y: ","Позиція Y: ","Позиція Y: ","Позиція Y: ","Позиція Y: ","Позиція Y: ","Позиція Y: ","Позиція Y: "
"bxd_invertX","інвертувати X","інвертувати X","інвертувати X","інвертувати X","інвертувати X","інвертувати X","інвертувати X","інвертувати X","інвертувати X","інвертувати X","інвертувати X","інвертувати X","інвертувати X","інвертувати X","інвертувати X"
"bxd_invertY","інвертувати Y","інвертувати Y","інвертувати Y","інвертувати Y","інвертувати Y","інвертувати Y","інвертувати Y","інвертувати Y","інвертувати Y","інвертувати Y","інвертувати Y","інвертувати Y","інвертувати Y","інвертувати Y","інвертувати Y"
"bxd_color_picker","Вибір кольору:","Вибір кольору:","Вибір кольору:","Вибір кольору:","Вибір кольору:","Вибір кольору:","Вибір кольору:","Вибір кольору:","Вибір кольору:","Вибір кольору:","Вибір кольору:","Вибір кольору:","Вибір кольору:","Вибір кольору:","Вибір кольору:"
"bxd_value_0_255","Значення (0-255): ","Значення (0-255): ","Значення (0-255): ","Значення (0-255): ","Значення (0-255): ","Значення (0-255): ","Значення (0-255): ","Значення (0-255): ","Значення (0-255): ","Значення (0-255): ","Значення (0-255): ","Значення (0-255): ","Значення (0-255): ","Значення (0-255): ","Значення (0-255): "
"bxd_channel_alpha","Альфа-канал (прозорість):","Альфа-канал (прозорість):","Альфа-канал (прозорість):","Альфа-канал (прозорість):","Альфа-канал (прозорість):","Альфа-канал (прозорість):","Альфа-канал (прозорість):","Альфа-канал (прозорість):","Альфа-канал (прозорість):","Альфа-канал (прозорість):","Альфа-канал (прозорість):","Альфа-канал (прозорість):","Альфа-канал (прозорість):","Альфа-канал (прозорість):","Альфа-канал (прозорість):"
"bxd_channel_red","Червоний канал:","Червоний канал:","Червоний канал:","Червоний канал:","Червоний канал:","Червоний канал:","Червоний канал:","Червоний канал:","Червоний канал:","Червоний канал:","Червоний канал:","Червоний канал:","Червоний канал:","Червоний канал:","Червоний канал:"
"bxd_channel_green","Зелений канал:","Зелений канал:","Зелений канал:","Зелений канал:","Зелений канал:","Зелений канал:","Зелений канал:","Зелений канал:","Зелений канал:","Зелений канал:","Зелений канал:","Зелений канал:","Зелений канал:","Зелений канал:","Зелений канал:"
"bxd_channel_blue","Синій канал:","Синій канал:","Синій канал:","Синій канал:","Синій канал:","Синій канал:","Синій канал:","Синій канал:","Синій канал:","Синій канал:","Синій канал:","Синій канал:","Синій канал:","Синій канал:","Синій канал:"
"bxd_enable_playerlist_info","Список гравців (U)","Список гравців (U)","Список гравців (U)","Список гравців (U)","Список гравців (U)","Список гравців (U)","Список гравців (U)","Список гравців (U)","Список гравців (U)","Список гравців (U)","Список гравців (U)","Список гравців (U)","Список гравців (U)","Список гравців (U)","Список гравців (U)"
"bxd_enable_compass_info","Компас (H)","Компас (H)","Компас (H)","Компас (H)","Компас (H)","Компас (H)","Компас (H)","Компас (H)","Компас (H)","Компас (H)","Компас (H)","Компас (H)","Компас (H)","Компас (H)","Компас (H)"
"bxd_hide_online_status","Приховати мій онлайн","Приховати мій онлайн","Приховати мій онлайн","Приховати мій онлайн","Приховати мій онлайн","Приховати мій онлайн","Приховати мій онлайн","Приховати мій онлайн","Приховати мій онлайн","Приховати мій онлайн","Приховати мій онлайн","Приховати мій онлайн","Приховати мій онлайн","Приховати мій онлайн","Приховати мій онлайн"
"bxd_ping_marker_icon","іконка пінгу:","іконка пінгу:","іконка пінгу:","іконка пінгу:","іконка пінгу:","іконка пінгу:","іконка пінгу:","іконка пінгу:","іконка пінгу:","іконка пінгу:","іконка пінгу:","іконка пінгу:","іконка пінгу:","іконка пінгу:","іконка пінгу:"
"bxd_misc_warning_1","Значення змінено лише для цієї сесії!","Значення змінено лише для цієї сесії!","Значення змінено лише для цієї сесії!","Значення змінено лише для цієї сесії!","Значення змінено лише для цієї сесії!","Значення змінено лише для цієї сесії!","Значення змінено лише для цієї сесії!","Значення змінено лише для цієї сесії!","Значення змінено лише для цієї сесії!","Значення змінено лише для цієї сесії!","Значення змінено лише для цієї сесії!","Значення змінено лише для цієї сесії!","Значення змінено лише для цієї сесії!","Значення змінено лише для цієї сесії!","Значення змінено лише для цієї сесії!"
"bxd_misc_warning_2","Натисніть Зберегти, щоб зберегти назавжди","Натисніть Зберегти, щоб зберегти назавжди","Натисніть Зберегти, щоб зберегти назавжди","Натисніть Зберегти, щоб зберегти назавжди","Натисніть Зберегти, щоб зберегти назавжди","Натисніть Зберегти, щоб зберегти назавжди","Натисніть Зберегти, щоб зберегти назавжди","Натисніть Зберегти, щоб зберегти назавжди","Натисніть Зберегти, щоб зберегти назавжди","Натисніть Зберегти, щоб зберегти назавжди","Натисніть Зберегти, щоб зберегти назавжди","Натисніть Зберегти, щоб зберегти назавжди","Натисніть Зберегти, щоб зберегти назавжди","Натисніть Зберегти, щоб зберегти назавжди","Натисніть Зберегти, щоб зберегти назавжди"
"bxd_misc_reset_all","Скинути все","Скинути все","Скинути все","Скинути все","Скинути все","Скинути все","Скинути все","Скинути все","Скинути все","Скинути все","Скинути все","Скинути все","Скинути все","Скинути все","Скинути все"
"bxd_misc_reload_cfg","Завантажити","Завантажити","Завантажити","Завантажити","Завантажити","Завантажити","Завантажити","Завантажити","Завантажити","Завантажити","Завантажити","Завантажити","Завантажити","Завантажити","Завантажити"
"bxd_misc_save_cfg","Зберегти","Зберегти","Зберегти","Зберегти","Зберегти","Зберегти","Зберегти","Зберегти","Зберегти","Зберегти","Зберегти","Зберегти","Зберегти","Зберегти","Зберегти"
"bxd_message_allowedChars","Назва й тег групи не можуть містити спеціальні символи!","Назва й тег групи не можуть містити спеціальні символи!","Назва й тег групи не можуть містити спеціальні символи!","Назва й тег групи не можуть містити спеціальні символи!","Назва й тег групи не можуть містити спеціальні символи!","Назва й тег групи не можуть містити спеціальні символи!","Назва й тег групи не можуть містити спеціальні символи!","Назва й тег групи не можуть містити спеціальні символи!","Назва й тег групи не можуть містити спеціальні символи!","Назва й тег групи не можуть містити спеціальні символи!","Назва й тег групи не можуть містити спеціальні символи!","Назва й тег групи не можуть містити спеціальні символи!","Назва й тег групи не можуть містити спеціальні символи!","Назва й тег групи не можуть містити спеціальні символи!","Назва й тег групи не можуть містити спеціальні символи!"
"bxd_message_nameTaken","Назва групи вже використовується!","Назва групи вже використовується!","Назва групи вже використовується!","Назва групи вже використовується!","Назва групи вже використовується!","Назва групи вже використовується!","Назва групи вже використовується!","Назва групи вже використовується!","Назва групи вже використовується!","Назва групи вже використовується!","Назва групи вже використовується!","Назва групи вже використовується!","Назва групи вже використовується!","Назва групи вже використовується!","Назва групи вже використовується!"
"bxd_message_tagTaken","Тег групи вже використовується!","Тег групи вже використовується!","Тег групи вже використовується!","Тег групи вже використовується!","Тег групи вже використовується!","Тег групи вже використовується!","Тег групи вже використовується!","Тег групи вже використовується!","Тег групи вже використовується!","Тег групи вже використовується!","Тег групи вже використовується!","Тег групи вже використовується!","Тег групи вже використовується!","Тег групи вже використовується!","Тег групи вже використовується!"
"bxd_message_internalError","Внутрішня помилка сервера","Внутрішня помилка сервера","Внутрішня помилка сервера","Внутрішня помилка сервера","Внутрішня помилка сервера","Внутрішня помилка сервера","Внутрішня помилка сервера","Внутрішня помилка сервера","Внутрішня помилка сервера","Внутрішня помилка сервера","Внутрішня помилка сервера","Внутрішня помилка сервера","Внутрішня помилка сервера","Внутрішня помилка сервера","Внутрішня помилка сервера"
"bxd_message_noEnoughMoney","Недостатньо грошей! Створення групи коштує:","Недостатньо грошей! Створення групи коштує:","Недостатньо грошей! Створення групи коштує:","Недостатньо грошей! Створення групи коштує:","Недостатньо грошей! Створення групи коштує:","Недостатньо грошей! Створення групи коштує:","Недостатньо грошей! Створення групи коштує:","Недостатньо грошей! Створення групи коштує:","Недостатньо грошей! Створення групи коштує:","Недостатньо грошей! Створення групи коштує:","Недостатньо грошей! Створення групи коштує:","Недостатньо грошей! Створення групи коштує:","Недостатньо грошей! Створення групи коштує:","Недостатньо грошей! Створення групи коштує:","Недостатньо грошей! Створення групи коштує:"
"bxd_message_groupNotfound","Групу не знайдено!","Групу не знайдено!","Групу не знайдено!","Групу не знайдено!","Групу не знайдено!","Групу не знайдено!","Групу не знайдено!","Групу не знайдено!","Групу не знайдено!","Групу не знайдено!","Групу не знайдено!","Групу не знайдено!","Групу не знайдено!","Групу не знайдено!","Групу не знайдено!"
"bxd_message_inviteNotfound","Запрошення не знайдено!","Запрошення не знайдено!","Запрошення не знайдено!","Запрошення не знайдено!","Запрошення не знайдено!","Запрошення не знайдено!","Запрошення не знайдено!","Запрошення не знайдено!","Запрошення не знайдено!","Запрошення не знайдено!","Запрошення не знайдено!","Запрошення не знайдено!","Запрошення не знайдено!","Запрошення не знайдено!","Запрошення не знайдено!"
"bxd_message_groupSystem","Система груп","Система груп","Система груп","Система груп","Система груп","Система груп","Система груп","Система груп","Система груп","Система груп","Система груп","Система груп","Система груп","Система груп","Система груп"
"bxd_message_noPermissionsMarker","У вас немає прав додавати маркери!","У вас немає прав додавати маркери!","У вас немає прав додавати маркери!","У вас немає прав додавати маркери!","У вас немає прав додавати маркери!","У вас немає прав додавати маркери!","У вас немає прав додавати маркери!","У вас немає прав додавати маркери!","У вас немає прав додавати маркери!","У вас немає прав додавати маркери!","У вас немає прав додавати маркери!","У вас немає прав додавати маркери!","У вас немає прав додавати маркери!","У вас немає прав додавати маркери!","У вас немає прав додавати маркери!"
"bxd_message_markerLimitReached","Досягнуто ліміт маркерів!","Досягнуто ліміт маркерів!","Досягнуто ліміт маркерів!","Досягнуто ліміт маркерів!","Досягнуто ліміт маркерів!","Досягнуто ліміт маркерів!","Досягнуто ліміт маркерів!","Досягнуто ліміт маркерів!","Досягнуто ліміт маркерів!","Досягнуто ліміт маркерів!","Досягнуто ліміт маркерів!","Досягнуто ліміт маркерів!","Досягнуто ліміт маркерів!","Досягнуто ліміт маркерів!","Досягнуто ліміт маркерів!"
"bxd_message_noPermissionsRemove","У вас немає прав видаляти маркери!","У вас немає прав видаляти маркери!","У вас немає прав видаляти маркери!","У вас немає прав видаляти маркери!","У вас немає прав видаляти маркери!","У вас немає прав видаляти маркери!","У вас немає прав видаляти маркери!","У вас немає прав видаляти маркери!","У вас немає прав видаляти маркери!","У вас немає прав видаляти маркери!","У вас немає прав видаляти маркери!","У вас немає прав видаляти маркери!","У вас немає прав видаляти маркери!","У вас немає прав видаляти маркери!","У вас немає прав видаляти маркери!"
"bxd_message_noPermissionsInvite","У вас немає прав запрошувати гравців!","У вас немає прав запрошувати гравців!","У вас немає прав запрошувати гравців!","У вас немає прав запрошувати гравців!","У вас немає прав запрошувати гравців!","У вас немає прав запрошувати гравців!","У вас немає прав запрошувати гравців!","У вас немає прав запрошувати гравців!","У вас немає прав запрошувати гравців!","У вас немає прав запрошувати гравців!","У вас немає прав запрошувати гравців!","У вас немає прав запрошувати гравців!","У вас немає прав запрошувати гравців!","У вас немає прав запрошувати гравців!","У вас немає прав запрошувати гравців!"
"bxd_message_noPermissionsPromote","У вас немає прав підвищити цього гравця!","У вас немає прав підвищити цього гравця!","У вас немає прав підвищити цього гравця!","У вас немає прав підвищити цього гравця!","У вас немає прав підвищити цього гравця!","У вас немає прав підвищити цього гравця!","У вас немає прав підвищити цього гравця!","У вас немає прав підвищити цього гравця!","У вас немає прав підвищити цього гравця!","У вас немає прав підвищити цього гравця!","У вас немає прав підвищити цього гравця!","У вас немає прав підвищити цього гравця!","У вас немає прав підвищити цього гравця!","У вас немає прав підвищити цього гравця!","У вас немає прав підвищити цього гравця!"
"bxd_message_noPermissionsDemote","У вас немає прав понизити цього гравця!","У вас немає прав понизити цього гравця!","У вас немає прав понизити цього гравця!","У вас немає прав понизити цього гравця!","У вас немає прав понизити цього гравця!","У вас немає прав понизити цього гравця!","У вас немає прав понизити цього гравця!","У вас немає прав понизити цього гравця!","У вас немає прав понизити цього гравця!","У вас немає прав понизити цього гравця!","У вас немає прав понизити цього гравця!","У вас немає прав понизити цього гравця!","У вас немає прав понизити цього гравця!","У вас немає прав понизити цього гравця!","У вас немає прав понизити цього гравця!"
"bxd_message_noPermissionsKick","У вас немає прав вигнати цього гравця!","У вас немає прав вигнати цього гравця!","У вас немає прав вигнати цього гравця!","У вас немає прав вигнати цього гравця!","У вас немає прав вигнати цього гравця!","У вас немає прав вигнати цього гравця!","У вас немає прав вигнати цього гравця!","У вас немає прав вигнати цього гравця!","У вас немає прав вигнати цього гравця!","У вас немає прав вигнати цього гравця!","У вас немає прав вигнати цього гравця!","У вас немає прав вигнати цього гравця!","У вас немає прав вигнати цього гравця!","У вас немає прав вигнати цього гравця!","У вас немає прав вигнати цього гравця!"
"bxd_message_noPermissionsUpgrade","У вас немає прав покращувати групу!","У вас немає прав покращувати групу!","У вас немає прав покращувати групу!","У вас немає прав покращувати групу!","У вас немає прав покращувати групу!","У вас немає прав покращувати групу!","У вас немає прав покращувати групу!","У вас немає прав покращувати групу!","У вас немає прав покращувати групу!","У вас немає прав покращувати групу!","У вас немає прав покращувати групу!","У вас немає прав покращувати групу!","У вас немає прав покращувати групу!","У вас немає прав покращувати групу!","У вас немає прав покращувати групу!"
"bxd_message_maxLevelReached","Досягнуто максимальний рівень!","Досягнуто максимальний рівень!","Досягнуто максимальний рівень!","Досягнуто максимальний рівень!","Досягнуто максимальний рівень!","Досягнуто максимальний рівень!","Досягнуто максимальний рівень!","Досягнуто максимальний рівень!","Досягнуто максимальний рівень!","Досягнуто максимальний рівень!","Досягнуто максимальний рівень!","Досягнуто максимальний рівень!","Досягнуто максимальний рівень!","Досягнуто максимальний рівень!","Досягнуто максимальний рівень!"
"bxd_message_playerNotFound","Не вдалося знайти вибраного гравця!","Не вдалося знайти вибраного гравця!","Не вдалося знайти вибраного гравця!","Не вдалося знайти вибраного гравця!","Не вдалося знайти вибраного гравця!","Не вдалося знайти вибраного гравця!","Не вдалося знайти вибраного гравця!","Не вдалося знайти вибраного гравця!","Не вдалося знайти вибраного гравця!","Не вдалося знайти вибраного гравця!","Не вдалося знайти вибраного гравця!","Не вдалося знайти вибраного гравця!","Не вдалося знайти вибраного гравця!","Не вдалося знайти вибраного гравця!","Не вдалося знайти вибраного гравця!"
"bxd_message_alreadyInGroup","Гравець уже в групі!","Гравець уже в групі!","Гравець уже в групі!","Гравець уже в групі!","Гравець уже в групі!","Гравець уже в групі!","Гравець уже в групі!","Гравець уже в групі!","Гравець уже в групі!","Гравець уже в групі!","Гравець уже в групі!","Гравець уже в групі!","Гравець уже в групі!","Гравець уже в групі!","Гравець уже в групі!"
"bxd_message_invited","Гравця запрошено","Гравця запрошено","Гравця запрошено","Гравця запрошено","Гравця запрошено","Гравця запрошено","Гравця запрошено","Гравця запрошено","Гравця запрошено","Гравця запрошено","Гравця запрошено","Гравця запрошено","Гравця запрошено","Гравця запрошено","Гравця запрошено"
"bxd_message_groupFull","Група заповнена!","Група заповнена!","Група заповнена!","Група заповнена!","Група заповнена!","Група заповнена!","Група заповнена!","Група заповнена!","Група заповнена!","Група заповнена!","Група заповнена!","Група заповнена!","Група заповнена!","Група заповнена!","Група заповнена!"
"bxd_message_subgroupJoined","Ви приєдналися до підгрупи:","Ви приєдналися до підгрупи:","Ви приєдналися до підгрупи:","Ви приєдналися до підгрупи:","Ви приєдналися до підгрупи:","Ви приєдналися до підгрупи:","Ви приєдналися до підгрупи:","Ви приєдналися до підгрупи:","Ви приєдналися до підгрупи:","Ви приєдналися до підгрупи:","Ви приєдналися до підгрупи:","Ви приєдналися до підгрупи:","Ви приєдналися до підгрупи:","Ви приєдналися до підгрупи:","Ви приєдналися до підгрупи:"
"bxd_message_groupLeft","Ви покинули групу","Ви покинули групу","Ви покинули групу","Ви покинули групу","Ви покинули групу","Ви покинули групу","Ви покинули групу","Ви покинули групу","Ви покинули групу","Ви покинули групу","Ви покинули групу","Ви покинули групу","Ви покинули групу","Ви покинули групу","Ви покинули групу"
"bxd_message_groupUpgraded","Групу покращено до рівня:","Групу покращено до рівня:","Групу покращено до рівня:","Групу покращено до рівня:","Групу покращено до рівня:","Групу покращено до рівня:","Групу покращено до рівня:","Групу покращено до рівня:","Групу покращено до рівня:","Групу покращено до рівня:","Групу покращено до рівня:","Групу покращено до рівня:","Групу покращено до рівня:","Групу покращено до рівня:","Групу покращено до рівня:"
"bxd_message_settingsToDefault","Усі налаштування скинуто до значень за замовчуванням!","Усі налаштування скинуто до значень за замовчуванням!","Усі налаштування скинуто до значень за замовчуванням!","Усі налаштування скинуто до значень за замовчуванням!","Усі налаштування скинуто до значень за замовчуванням!","Усі налаштування скинуто до значень за замовчуванням!","Усі налаштування скинуто до значень за замовчуванням!","Усі налаштування скинуто до значень за замовчуванням!","Усі налаштування скинуто до значень за замовчуванням!","Усі налаштування скинуто до значень за замовчуванням!","Усі налаштування скинуто до значень за замовчуванням!","Усі налаштування скинуто до значень за замовчуванням!","Усі налаштування скинуто до значень за замовчуванням!","Усі налаштування скинуто до значень за замовчуванням!","Усі налаштування скинуто до значень за замовчуванням!"
"bxd_message_settingsSaved","Налаштування збережено!","Налаштування збережено!","Налаштування збережено!","Налаштування збережено!","Налаштування збережено!","Налаштування збережено!","Налаштування збережено!","Налаштування збережено!","Налаштування збережено!","Налаштування збережено!","Налаштування збережено!","Налаштування збережено!","Налаштування збережено!","Налаштування збережено!","Налаштування збережено!"
"bxd_message_settingsReloaded","Налаштування перезавантажено!","Налаштування перезавантажено!","Налаштування перезавантажено!","Налаштування перезавантажено!","Налаштування перезавантажено!","Налаштування перезавантажено!","Налаштування перезавантажено!","Налаштування перезавантажено!","Налаштування перезавантажено!","Налаштування перезавантажено!","Налаштування перезавантажено!","Налаштування перезавантажено!","Налаштування перезавантажено!","Налаштування перезавантажено!","Налаштування перезавантажено!"
"bxd_message_globalMarkerAdded","Глобальний маркер додано!","Глобальний маркер додано!","Глобальний маркер додано!","Глобальний маркер додано!","Глобальний маркер додано!","Глобальний маркер додано!","Глобальний маркер додано!","Глобальний маркер додано!","Глобальний маркер додано!","Глобальний маркер додано!","Глобальний маркер додано!","Глобальний маркер додано!","Глобальний маркер додано!","Глобальний маркер додано!","Глобальний маркер додано!"
"bxd_message_markerNotFound","Маркер не знайдено!","Маркер не знайдено!","Маркер не знайдено!","Маркер не знайдено!","Маркер не знайдено!","Маркер не знайдено!","Маркер не знайдено!","Маркер не знайдено!","Маркер не знайдено!","Маркер не знайдено!","Маркер не знайдено!","Маркер не знайдено!","Маркер не знайдено!","Маркер не знайдено!","Маркер не знайдено!"
"bxd_message_globalMarkerRemoved","Глобальний маркер видалено!","Глобальний маркер видалено!","Глобальний маркер видалено!","Глобальний маркер видалено!","Глобальний маркер видалено!","Глобальний маркер видалено!","Глобальний маркер видалено!","Глобальний маркер видалено!","Глобальний маркер видалено!","Глобальний маркер видалено!","Глобальний маркер видалено!","Глобальний маркер видалено!","Глобальний маркер видалено!","Глобальний маркер видалено!","Глобальний маркер видалено!"
"bxd_message_groupNameBetween1","Назва групи має містити від","Назва групи має містити від","Назва групи має містити від","Назва групи має містити від","Назва групи має містити від","Назва групи має містити від","Назва групи має містити від","Назва групи має містити від","Назва групи має містити від","Назва групи має містити від","Назва групи має містити від","Назва групи має містити від","Назва групи має містити від","Назва групи має містити від","Назва групи має містити від"
"bxd_message_groupNameBetween2","до","до","до","до","до","до","до","до","до","до","до","до","до","до","до"
"bxd_message_groupNameBetween3","символів!","символів!","символів!","символів!","символів!","символів!","символів!","символів!","символів!","символів!","символів!","символів!","символів!","символів!","символів!"
"bxd_message_groupTagBetween1","Тег групи має містити від","Тег групи має містити від","Тег групи має містити від","Тег групи має містити від","Тег групи має містити від","Тег групи має містити від","Тег групи має містити від","Тег групи має містити від","Тег групи має містити від","Тег групи має містити від","Тег групи має містити від","Тег групи має містити від","Тег групи має містити від","Тег групи має містити від","Тег групи має містити від"
"bxd_message_promotedRank","Ранг","Ранг","Ранг","Ранг","Ранг","Ранг","Ранг","Ранг","Ранг","Ранг","Ранг","Ранг","Ранг","Ранг","Ранг"
"bxd_message_demotedRank","Ранг","Ранг","Ранг","Ранг","Ранг","Ранг","Ранг","Ранг","Ранг","Ранг","Ранг","Ранг","Ранг","Ранг","Ранг"
"bxd_message_promotedTo1","Ви підвищили","Ви підвищили","Ви підвищили","Ви підвищили","Ви підвищили","Ви підвищили","Ви підвищили","Ви підвищили","Ви підвищили","Ви підвищили","Ви підвищили","Ви підвищили","Ви підвищили","Ви підвищили","Ви підвищили"
"bxd_message_promotedTo2","до","до","до","до","до","до","до","до","до","до","до","до","до","до","до"
"bxd_message_promotedTo3","Вас підвищено до","Вас підвищено до","Вас підвищено до","Вас підвищено до","Вас підвищено до","Вас підвищено до","Вас підвищено до","Вас підвищено до","Вас підвищено до","Вас підвищено до","Вас підвищено до","Вас підвищено до","Вас підвищено до","Вас підвищено до","Вас підвищено до"
"bxd_message_demotedTo1","Ви понизили","Ви понизили","Ви понизили","Ви понизили","Ви понизили","Ви понизили","Ви понизили","Ви понизили","Ви понизили","Ви понизили","Ви понизили","Ви понизили","Ви понизили","Ви понизили","Ви понизили"
"bxd_message_demotedTo3","Вас понижено до","Вас понижено до","Вас понижено до","Вас понижено до","Вас понижено до","Вас понижено до","Вас понижено до","Вас понижено до","Вас понижено до","Вас понижено до","Вас понижено до","Вас понижено до","Вас понижено до","Вас понижено до","Вас понижено до"
"bxd_message_kick1","Ви вигнали","Ви вигнали","Ви вигнали","Ви вигнали","Ви вигнали","Ви вигнали","Ви вигнали","Ви вигнали","Ви вигнали","Ви вигнали","Ви вигнали","Ви вигнали","Ви вигнали","Ви вигнали","Ви вигнали"
"bxd_message_kick2","зі своєї групи","зі своєї групи","зі своєї групи","зі своєї групи","зі своєї групи","зі своєї групи","зі своєї групи","зі своєї групи","зі своєї групи","зі своєї групи","зі своєї групи","зі своєї групи","зі своєї групи","зі своєї групи","зі своєї групи"
"bxd_message_kick3","Вас вигнали з","Вас вигнали з","Вас вигнали з","Вас вигнали з","Вас вигнали з","Вас вигнали з","Вас вигнали з","Вас вигнали з","Вас вигнали з","Вас вигнали з","Вас вигнали з","Вас вигнали з","Вас вигнали з","Вас вигнали з","Вас вигнали з"
"bxd_message_kick4","","","","","","","","","","","","","","",""
"bxd_message_invite1","запросив вас до своєї групи","запросив вас до своєї групи","запросив вас до своєї групи","запросив вас до своєї групи","запросив вас до своєї групи","запросив вас до своєї групи","запросив вас до своєї групи","запросив вас до своєї групи","запросив вас до своєї групи","запросив вас до своєї групи","запросив вас до своєї групи","запросив вас до своєї групи","запросив вас до своєї групи","запросив вас до своєї групи","запросив вас до своєї групи"
"bxd_message_invite2","Натисніть CTRL + J, щоб приєднатися.","Натисніть CTRL + J, щоб приєднатися.","Натисніть CTRL + J, щоб приєднатися.","Натисніть CTRL + J, щоб приєднатися.","Натисніть CTRL + J, щоб приєднатися.","Натисніть CTRL + J, щоб приєднатися.","Натисніть CTRL + J, щоб приєднатися.","Натисніть CTRL + J, щоб приєднатися.","Натисніть CTRL + J, щоб приєднатися.","Натисніть CTRL + J, щоб приєднатися.","Натисніть CTRL + J, щоб приєднатися.","Натисніть CTRL + J, щоб приєднатися.","Натисніть CTRL + J, щоб приєднатися.","Натисніть CTRL + J, щоб приєднатися.","Натисніть CTRL + J, щоб приєднатися."
"bxd_message_youalreadyInGroup","Ви вже в групі!","Ви вже в групі!","Ви вже в групі!","Ви вже в групі!","Ви вже в групі!","Ви вже в групі!","Ви вже в групі!","Ви вже в групі!","Ви вже в групі!","Ви вже в групі!","Ви вже в групі!","Ви вже в групі!","Ви вже в групі!","Ви вже в групі!","Ви вже в групі!"
"bxd_message_squadRequiredToSetupPlotpole","Потрібна група, щоб встановити флагшток!","Потрібна група, щоб встановити флагшток!","Потрібна група, щоб встановити флагшток!","Потрібна група, щоб встановити флагшток!","Потрібна група, щоб встановити флагшток!","Потрібна група, щоб встановити флагшток!","Потрібна група, щоб встановити флагшток!","Потрібна група, щоб встановити флагшток!","Потрібна група, щоб встановити флагшток!","Потрібна група, щоб встановити флагшток!","Потрібна група, щоб встановити флагшток!","Потрібна група, щоб встановити флагшток!","Потрібна група, щоб встановити флагшток!","Потрібна група, щоб встановити флагшток!","Потрібна група, щоб встановити флагшток!"
"bxd_message_maxPlotpoleReached","Досягнуто максимальну кількість флагштоків!","Досягнуто максимальну кількість флагштоків!","Досягнуто максимальну кількість флагштоків!","Досягнуто максимальну кількість флагштоків!","Досягнуто максимальну кількість флагштоків!","Досягнуто максимальну кількість флагштоків!","Досягнуто максимальну кількість флагштоків!","Досягнуто максимальну кількість флагштоків!","Досягнуто максимальну кількість флагштоків!","Досягнуто максимальну кількість флагштоків!","Досягнуто максимальну кількість флагштоків!","Досягнуто максимальну кількість флагштоків!","Досягнуто максимальну кількість флагштоків!","Досягнуто максимальну кількість флагштоків!","Досягнуто максимальну кількість флагштоків!"
"bxd_action_claim_flag","Захопити прапор","Захопити прапор","Захопити прапор","Захопити прапор","Захопити прапор","Захопити прапор","Захопити прапор","Захопити прапор","Захопити прапор","Захопити прапор","Захопити прапор","Захопити прапор","Захопити прапор","Захопити прапор","Захопити прапор"
"bxd_chat_text_size","Розмір тексту чату: ","Розмір тексту чату: ","Розмір тексту чату: ","Розмір тексту чату: ","Розмір тексту чату: ","Розмір тексту чату: ","Розмір тексту чату: ","Розмір тексту чату: ","Розмір тексту чату: ","Розмір тексту чату: ","Розмір тексту чату: ","Розмір тексту чату: ","Розмір тексту чату: ","Розмір тексту чату: ","Розмір тексту чату: "
"bxd_show_chat_tag","Показувати тег групи в чаті","Показувати тег групи в чаті","Показувати тег групи в чаті","Показувати тег групи в чаті","Показувати тег групи в чаті","Показувати тег групи в чаті","Показувати тег групи в чаті","Показувати тег групи в чаті","Показувати тег групи в чаті","Показувати тег групи в чаті","Показувати тег групи в чаті","Показувати тег групи в чаті","Показувати тег групи в чаті","Показувати тег групи в чаті","Показувати тег групи в чаті"
"bxd_message_onlyDeployInOwnTerritorry","Потрібна територія, щоб розмістити цей об'єкт!","Потрібна територія, щоб розмістити цей об'єкт!","Потрібна територія, щоб розмістити цей об'єкт!","Потрібна територія, щоб розмістити цей об'єкт!","Потрібна територія, щоб розмістити цей об'єкт!","Потрібна територія, щоб розмістити цей об'єкт!","Потрібна територія, щоб розмістити цей об'єкт!","Потрібна територія, щоб розмістити цей об'єкт!","Потрібна територія, щоб розмістити цей об'єкт!","Потрібна територія, щоб розмістити цей об'єкт!","Потрібна територія, щоб розмістити цей об'єкт!","Потрібна територія, щоб розмістити цей об'єкт!","Потрібна територія, щоб розмістити цей об'єкт!","Потрібна територія, щоб розмістити цей об'єкт!","Потрібна територія, щоб розмістити цей об'єкт!"
"bxd_message_squadRequiredToDeployObjects","Потрібна група, щоб розмістити цей об'єкт!","Потрібна група, щоб розмістити цей об'єкт!","Потрібна група, щоб розмістити цей об'єкт!","Потрібна група, щоб розмістити цей об'єкт!","Потрібна група, щоб розмістити цей об'єкт!","Потрібна група, щоб розмістити цей об'єкт!","Потрібна група, щоб розмістити цей об'єкт!","Потрібна група, щоб розмістити цей об'єкт!","Потрібна група, щоб розмістити цей об'єкт!","Потрібна група, щоб розмістити цей об'єкт!","Потрібна група, щоб розмістити цей об'єкт!","Потрібна група, щоб розмістити цей об'єкт!","Потрібна група, щоб розмістити цей об'єкт!","Потрібна група, щоб розмістити цей об'єкт!","Потрібна група, щоб розмістити цей об'єкт!"
