"Language","original","english","czech","german","russian","polish","hungarian","italian","spanish","french","chinese","japanese","portuguese","chinesesimp",
"STR_CfgVehicles_PalisadeKit0","Palisade Kit","Palisade Kit","Palisade Kit","Palisade Kit","Palisade Kit","Palisade Kit","Palisade Kit","Palisade Kit","Palisade Kit","Palisade Kit","Palisade Kit","Palisade Kit","Palisade Kit","Palisade Kit",
"STR_CfgVehicles_PalisadeKit1","A bundle of sticks tied with rope. Place it to mark the spot for a wooden palisade.","A bundle of sticks tied with rope. Place it to mark the spot for a wooden palisade.","A bundle of sticks tied with rope. Place it to mark the spot for a wooden palisade.","A bundle of sticks tied with rope. Place it to mark the spot for a wooden palisade.","A bundle of sticks tied with rope. Place it to mark the spot for a wooden palisade.","A bundle of sticks tied with rope. Place it to mark the spot for a wooden palisade.","A bundle of sticks tied with rope. Place it to mark the spot for a wooden palisade.","A bundle of sticks tied with rope. Place it to mark the spot for a wooden palisade.","A bundle of sticks tied with rope. Place it to mark the spot for a wooden palisade.","A bundle of sticks tied with rope. Place it to mark the spot for a wooden palisade.","A bundle of sticks tied with rope. Place it to mark the spot for a wooden palisade.","A bundle of sticks tied with rope. Place it to mark the spot for a wooden palisade.","A bundle of sticks tied with rope. Place it to mark the spot for a wooden palisade.","A bundle of sticks tied with rope. Place it to mark the spot for a wooden palisade.",
"STR_CfgVehicles_Palisade0","Palisade","Palisade","Palisade","Palisade","Palisade","Palisade","Palisade","Palisade","Palisade","Palisade","Palisade","Palisade","Palisade","Palisade",
"STR_CfgVehicles_Palisade1","A wall made of sharpened logs dug into the ground.","A wall made of sharpened logs dug into the ground.","A wall made of sharpened logs dug into the ground.","A wall made of sharpened logs dug into the ground.","A wall made of sharpened logs dug into the ground.","A wall made of sharpened logs dug into the ground.","A wall made of sharpened logs dug into the ground.","A wall made of sharpened logs dug into the ground.","A wall made of sharpened logs dug into the ground.","A wall made of sharpened logs dug into the ground.","A wall made of sharpened logs dug into the ground.","A wall made of sharpened logs dug into the ground.","A wall made of sharpened logs dug into the ground.","A wall made of sharpened logs dug into the ground.",
"STR_CfgVehicles_Palisade_Att_Category_Base","Base","Base","Base","Base","Base","Base","Base","Base","Base","Base","Base","Base","Base","Base",
"STR_CfgVehicles_Palisade_Att_Category_Materials","Materials","Materials","Materials","Materials","Materials","Materials","Materials","Materials","Materials","Materials","Materials","Materials","Materials","Materials",
"STR_CfgVehicles_Palisade_Base0","Palisade Base","Palisade Base","Palisade Base","Palisade Base","Palisade Base","Palisade Base","Palisade Base","Palisade Base","Palisade Base","Palisade Base","Palisade Base","Palisade Base","Palisade Base","Palisade Base",
"STR_CfgVehicles_Palisade_WallDown0","Lower Log Wall","Lower Log Wall","Lower Log Wall","Lower Log Wall","Lower Log Wall","Lower Log Wall","Lower Log Wall","Lower Log Wall","Lower Log Wall","Lower Log Wall","Lower Log Wall","Lower Log Wall","Lower Log Wall","Lower Log Wall",
"STR_CfgVehicles_Palisade_WallUp0","Upper Log Wall","Upper Log Wall","Upper Log Wall","Upper Log Wall","Upper Log Wall","Upper Log Wall","Upper Log Wall","Upper Log Wall","Upper Log Wall","Upper Log Wall","Upper Log Wall","Upper Log Wall","Upper Log Wall","Upper Log Wall",
"STR_CfgVehicles_Palisade_Spikes0","Sharpened Tops","Sharpened Tops","Sharpened Tops","Sharpened Tops","Sharpened Tops","Sharpened Tops","Sharpened Tops","Sharpened Tops","Sharpened Tops","Sharpened Tops","Sharpened Tops","Sharpened Tops","Sharpened Tops","Sharpened Tops",
"STR_CraftPalisadeKit0","Craft Palisade Kit","Craft Palisade Kit","Craft Palisade Kit","Craft Palisade Kit","Craft Palisade Kit","Craft Palisade Kit","Craft Palisade Kit","Craft Palisade Kit","Craft Palisade Kit","Craft Palisade Kit","Craft Palisade Kit","Craft Palisade Kit","Craft Palisade Kit","Craft Palisade Kit",
